File_Name,img_width,img_height,library_loading_time,F1:pre-processing(s),F2:object_detection(s),F3:face_detection(s),F4:face_DB_storage(s),total processing time(s),people_detected,faces_detected
/usr/local/Face_Recognition_Files/VisDrone2019-VID-train/sequences/uav0000363_00001_v/0000001.jpg,1344,756,3.1943,0.0338,1.6397,0.58,0.0553,2.3088,3,0
/usr/local/Face_Recognition_Files/VisDrone2019-VID-train/sequences/uav0000363_00001_v/0000002.jpg,1344,756,3.2353,0.0318,1.7347,0.589,0.0549,2.4105,3,0
/usr/local/Face_Recognition_Files/VisDrone2019-VID-train/sequences/uav0000363_00001_v/0000003.jpg,1344,756,3.2142,0.0346,1.6847,0.3857,0.0546,2.1596,2,0
/usr/local/Face_Recognition_Files/VisDrone2019-VID-train/sequences/uav0000363_00001_v/0000004.jpg,1344,756,3.268,0.0322,1.6046,0.569,0.0538,2.2597,3,0
/usr/local/Face_Recognition_Files/VisDrone2019-VID-train/sequences/uav0000363_00001_v/0000005.jpg,1344,756,3.2367,0.0348,1.6646,0.2047,0.0553,1.9595,1,0
/usr/local/Face_Recognition_Files/VisDrone2019-VID-train/sequences/uav0000363_00001_v/0000006.jpg,1344,756,3.1978,0.034,1.8169,0.1948,0.0543,2.1,1,0
/usr/local/Face_Recognition_Files/VisDrone2019-VID-train/sequences/uav0000363_00001_v/0000007.jpg,1344,756,3.2595,0.0335,1.6239,0.1968,0.0553,1.9096,1,0
/usr/local/Face_Recognition_Files/VisDrone2019-VID-train/sequences/uav0000363_00001_v/0000008.jpg,1344,756,3.2165,0.0318,1.6517,0.373,0.0546,2.1113,2,0
/usr/local/Face_Recognition_Files/VisDrone2019-VID-train/sequences/uav0000363_00001_v/0000009.jpg,1344,756,3.2521,0.0314,1.6502,0.2056,0.056,1.9433,1,0
/usr/local/Face_Recognition_Files/VisDrone2019-VID-train/sequences/uav0000363_00001_v/0000010.jpg,1344,756,3.2175,0.0326,1.7169,0.1973,0.0574,2.0043,1,0
/usr/local/Face_Recognition_Files/VisDrone2019-VID-train/sequences/uav0000363_00001_v/0000011.jpg,1344,756,3.2515,0.0364,1.7491,0.0004,0.057,1.8429,0,0
/usr/local/Face_Recognition_Files/VisDrone2019-VID-train/sequences/uav0000363_00001_v/0000012.jpg,1344,756,3.2656,0.0322,1.6419,0.0004,0.0545,1.729,0,0
/usr/local/Face_Recognition_Files/VisDrone2019-VID-train/sequences/uav0000363_00001_v/0000013.jpg,1344,756,3.2928,0.0346,1.7486,0.1962,0.0546,2.0341,1,0
/usr/local/Face_Recognition_Files/VisDrone2019-VID-train/sequences/uav0000363_00001_v/0000014.jpg,1344,756,3.2083,0.0347,1.7303,0.0005,0.0581,1.8235,0,0
/usr/local/Face_Recognition_Files/VisDrone2019-VID-train/sequences/uav0000363_00001_v/0000015.jpg,1344,756,3.3741,0.0338,1.7118,0.0005,0.0574,1.8036,0,0
/usr/local/Face_Recognition_Files/VisDrone2019-VID-train/sequences/uav0000363_00001_v/0000016.jpg,1344,756,3.3759,0.0341,1.7174,0.2128,0.0574,2.0217,1,0
/usr/local/Face_Recognition_Files/VisDrone2019-VID-train/sequences/uav0000363_00001_v/0000017.jpg,1344,756,3.301,0.0319,1.6886,0.6115,0.0594,2.3915,3,0
/usr/local/Face_Recognition_Files/VisDrone2019-VID-train/sequences/uav0000363_00001_v/0000018.jpg,1344,756,3.0981,0.0328,1.6692,0.1937,0.0529,1.9486,1,0
/usr/local/Face_Recognition_Files/VisDrone2019-VID-train/sequences/uav0000363_00001_v/0000019.jpg,1344,756,3.2507,0.0319,1.812,0.0004,0.0535,1.8979,0,0
/usr/local/Face_Recognition_Files/VisDrone2019-VID-train/sequences/uav0000363_00001_v/0000020.jpg,1344,756,3.2348,0.0339,1.698,0.0004,0.0536,1.786,0,0
/usr/local/Face_Recognition_Files/VisDrone2019-VID-train/sequences/uav0000363_00001_v/0000021.jpg,1344,756,3.2631,0.0333,1.6278,0.0005,0.0534,1.715,0,0
/usr/local/Face_Recognition_Files/VisDrone2019-VID-train/sequences/uav0000363_00001_v/0000022.jpg,1344,756,3.2609,0.0321,1.7572,0.3954,0.0594,2.2442,2,0
/usr/local/Face_Recognition_Files/VisDrone2019-VID-train/sequences/uav0000363_00001_v/0000023.jpg,1344,756,3.3052,0.0344,1.7152,0.2106,0.057,2.0173,1,0
/usr/local/Face_Recognition_Files/VisDrone2019-VID-train/sequences/uav0000363_00001_v/0000024.jpg,1344,756,3.3093,0.0326,1.6541,0.3859,0.0569,2.1296,2,0
/usr/local/Face_Recognition_Files/VisDrone2019-VID-train/sequences/uav0000363_00001_v/0000025.jpg,1344,756,3.3244,0.0327,1.6403,0.4242,0.0598,2.157,2,0
/usr/local/Face_Recognition_Files/VisDrone2019-VID-train/sequences/uav0000363_00001_v/0000026.jpg,1344,756,3.2577,0.0367,1.737,0.8078,0.0564,2.638,4,0
/usr/local/Face_Recognition_Files/VisDrone2019-VID-train/sequences/uav0000363_00001_v/0000027.jpg,1344,756,3.2528,0.0335,1.7999,0.5909,0.0574,2.4818,3,0
/usr/local/Face_Recognition_Files/VisDrone2019-VID-train/sequences/uav0000363_00001_v/0000028.jpg,1344,756,3.1716,0.0311,1.6951,0.4113,0.06,2.1976,2,0
/usr/local/Face_Recognition_Files/VisDrone2019-VID-train/sequences/uav0000363_00001_v/0000029.jpg,1344,756,3.2577,0.0339,1.7265,0.4048,0.0597,2.2249,2,0
/usr/local/Face_Recognition_Files/VisDrone2019-VID-train/sequences/uav0000363_00001_v/0000030.jpg,1344,756,3.3114,0.0314,1.6827,0.2071,0.0543,1.9756,1,0
/usr/local/Face_Recognition_Files/VisDrone2019-VID-train/sequences/uav0000363_00001_v/0000031.jpg,1344,756,3.4231,0.0345,1.7426,0.1983,0.0575,2.033,1,0
/usr/local/Face_Recognition_Files/VisDrone2019-VID-train/sequences/uav0000363_00001_v/0000032.jpg,1344,756,3.2365,0.0321,1.705,0.2134,0.0557,2.0063,1,0
/usr/local/Face_Recognition_Files/VisDrone2019-VID-train/sequences/uav0000363_00001_v/0000033.jpg,1344,756,3.3006,0.0387,1.7688,0.3911,0.0557,2.2544,2,0
/usr/local/Face_Recognition_Files/VisDrone2019-VID-train/sequences/uav0000363_00001_v/0000034.jpg,1344,756,3.3495,0.0319,1.6951,0.8021,0.0535,2.5828,4,0
/usr/local/Face_Recognition_Files/VisDrone2019-VID-train/sequences/uav0000363_00001_v/0000035.jpg,1344,756,3.3044,0.0336,1.6956,0.2095,0.0599,1.9987,1,0
/usr/local/Face_Recognition_Files/VisDrone2019-VID-train/sequences/uav0000363_00001_v/0000036.jpg,1344,756,3.3306,0.0346,1.7312,0.4025,0.0545,2.2228,2,0
/usr/local/Face_Recognition_Files/VisDrone2019-VID-train/sequences/uav0000363_00001_v/0000037.jpg,1344,756,3.4696,0.0319,1.6967,0.0004,0.0565,1.7856,0,0
/usr/local/Face_Recognition_Files/VisDrone2019-VID-train/sequences/uav0000363_00001_v/0000038.jpg,1344,756,3.3496,0.0321,1.6519,0.0004,0.0533,1.7378,0,0
/usr/local/Face_Recognition_Files/VisDrone2019-VID-train/sequences/uav0000363_00001_v/0000039.jpg,1344,756,3.2282,0.0336,1.7587,0.2107,0.0585,2.0616,1,0
/usr/local/Face_Recognition_Files/VisDrone2019-VID-train/sequences/uav0000363_00001_v/0000040.jpg,1344,756,3.3603,0.034,1.6816,0.3971,0.0564,2.1692,2,0
/usr/local/Face_Recognition_Files/VisDrone2019-VID-train/sequences/uav0000363_00001_v/0000041.jpg,1344,756,3.363,0.0341,1.6768,0.3994,0.0552,2.1655,2,0
/usr/local/Face_Recognition_Files/VisDrone2019-VID-train/sequences/uav0000363_00001_v/0000042.jpg,1344,756,3.356,0.0324,1.7674,0.2114,0.0584,2.0698,1,0
/usr/local/Face_Recognition_Files/VisDrone2019-VID-train/sequences/uav0000363_00001_v/0000043.jpg,1344,756,3.1751,0.0319,1.7385,0.2089,0.0595,2.0388,1,0
/usr/local/Face_Recognition_Files/VisDrone2019-VID-train/sequences/uav0000363_00001_v/0000044.jpg,1344,756,3.3938,0.0337,1.7706,0.2048,0.055,2.0643,1,0
/usr/local/Face_Recognition_Files/VisDrone2019-VID-train/sequences/uav0000363_00001_v/0000045.jpg,1344,756,3.4053,0.0352,1.7057,0.0004,0.0549,1.7963,0,0
/usr/local/Face_Recognition_Files/VisDrone2019-VID-train/sequences/uav0000363_00001_v/0000046.jpg,1344,756,3.1849,0.0319,1.6973,0.0004,0.0591,1.7887,0,0
/usr/local/Face_Recognition_Files/VisDrone2019-VID-train/sequences/uav0000363_00001_v/0000047.jpg,1344,756,3.2082,0.0367,1.8577,0.0005,0.0536,1.9486,0,0
/usr/local/Face_Recognition_Files/VisDrone2019-VID-train/sequences/uav0000363_00001_v/0000048.jpg,1344,756,3.2956,0.0313,1.8431,0.2154,0.0581,2.1479,1,0
/usr/local/Face_Recognition_Files/VisDrone2019-VID-train/sequences/uav0000363_00001_v/0000049.jpg,1344,756,3.3912,0.0319,1.6475,0.2016,0.0546,1.9357,1,0
/usr/local/Face_Recognition_Files/VisDrone2019-VID-train/sequences/uav0000363_00001_v/0000050.jpg,1344,756,3.2989,0.0344,1.8568,0.0004,0.0562,1.9479,0,0