File_Name,img_width,img_height,library_loading_time,F1:pre-processing(s),F2:object_detection(s),F3:face_detection(s),F4:face_DB_storage(s),total processing time(s),people_detected,faces_detected
/usr/local/Face_Recognition_Files/Face_Recognition_Files/VisDrone2019-VID-train/sequences/uav0000308_01380_v/0000001.jpg,1904,1071,3.3537,0.0575,1.6902,0.3095,0.0001,2.0574,1,0
/usr/local/Face_Recognition_Files/Face_Recognition_Files/VisDrone2019-VID-train/sequences/uav0000308_01380_v/0000002.jpg,1904,1071,3.3877,0.0527,1.7293,0.6041,0.0001,2.3862,2,0
/usr/local/Face_Recognition_Files/Face_Recognition_Files/VisDrone2019-VID-train/sequences/uav0000308_01380_v/0000003.jpg,1904,1071,3.3236,0.0561,1.6491,0.3061,0.0001,2.0115,1,0
/usr/local/Face_Recognition_Files/Face_Recognition_Files/VisDrone2019-VID-train/sequences/uav0000308_01380_v/0000004.jpg,1904,1071,3.32,0.0553,1.6037,0.865,0.0001,2.5242,3,0
/usr/local/Face_Recognition_Files/Face_Recognition_Files/VisDrone2019-VID-train/sequences/uav0000308_01380_v/0000005.jpg,1904,1071,3.2102,0.055,1.735,0.3066,0.0001,2.0968,1,0
/usr/local/Face_Recognition_Files/Face_Recognition_Files/VisDrone2019-VID-train/sequences/uav0000308_01380_v/0000006.jpg,1904,1071,3.3086,0.0541,1.7419,0.3011,0.0001,2.0973,1,0
/usr/local/Face_Recognition_Files/Face_Recognition_Files/VisDrone2019-VID-train/sequences/uav0000308_01380_v/0000007.jpg,1904,1071,3.2741,0.0542,1.7007,0.6005,0.0001,2.3555,2,0
/usr/local/Face_Recognition_Files/Face_Recognition_Files/VisDrone2019-VID-train/sequences/uav0000308_01380_v/0000008.jpg,1904,1071,3.3154,0.0528,1.5779,0.6048,0.0001,2.2357,2,0
/usr/local/Face_Recognition_Files/Face_Recognition_Files/VisDrone2019-VID-train/sequences/uav0000308_01380_v/0000009.jpg,1904,1071,3.2623,0.0534,1.6615,0.2785,0.0001,1.9935,1,0
/usr/local/Face_Recognition_Files/Face_Recognition_Files/VisDrone2019-VID-train/sequences/uav0000308_01380_v/0000010.jpg,1904,1071,3.3936,0.0564,1.708,0.5833,0.0001,2.3478,2,0
/usr/local/Face_Recognition_Files/Face_Recognition_Files/VisDrone2019-VID-train/sequences/uav0000308_01380_v/0000011.jpg,1904,1071,3.305,0.0573,1.6997,0.5777,0.0001,2.3349,2,0
/usr/local/Face_Recognition_Files/Face_Recognition_Files/VisDrone2019-VID-train/sequences/uav0000308_01380_v/0000012.jpg,1904,1071,3.2565,0.0518,1.7043,0.0005,0.0001,1.7568,0,0
/usr/local/Face_Recognition_Files/Face_Recognition_Files/VisDrone2019-VID-train/sequences/uav0000308_01380_v/0000013.jpg,1904,1071,3.2987,0.0643,1.7202,0.2923,0.0001,2.077,1,0
/usr/local/Face_Recognition_Files/Face_Recognition_Files/VisDrone2019-VID-train/sequences/uav0000308_01380_v/0000014.jpg,1904,1071,3.4173,0.0554,1.7052,0.2993,0.0001,2.06,1,0
/usr/local/Face_Recognition_Files/Face_Recognition_Files/VisDrone2019-VID-train/sequences/uav0000308_01380_v/0000015.jpg,1904,1071,3.4289,0.0551,1.6132,0.5632,0.0001,2.2316,2,0
/usr/local/Face_Recognition_Files/Face_Recognition_Files/VisDrone2019-VID-train/sequences/uav0000308_01380_v/0000016.jpg,1904,1071,3.2728,0.0542,1.6761,0.2864,0.0001,2.0168,1,0
/usr/local/Face_Recognition_Files/Face_Recognition_Files/VisDrone2019-VID-train/sequences/uav0000308_01380_v/0000017.jpg,1904,1071,3.2054,0.0538,1.6484,0.5731,0.0001,2.2755,2,0
/usr/local/Face_Recognition_Files/Face_Recognition_Files/VisDrone2019-VID-train/sequences/uav0000308_01380_v/0000018.jpg,1904,1071,3.3762,0.0563,1.7343,0.6009,0.0001,2.3917,2,0
/usr/local/Face_Recognition_Files/Face_Recognition_Files/VisDrone2019-VID-train/sequences/uav0000308_01380_v/0000019.jpg,1904,1071,3.2018,0.0542,1.6401,0.2807,0.0001,1.9751,1,0
/usr/local/Face_Recognition_Files/Face_Recognition_Files/VisDrone2019-VID-train/sequences/uav0000308_01380_v/0000020.jpg,1904,1071,3.2901,0.0549,1.7336,0.3173,0.0001,2.1061,1,0
/usr/local/Face_Recognition_Files/Face_Recognition_Files/VisDrone2019-VID-train/sequences/uav0000308_01380_v/0000021.jpg,1904,1071,3.2509,0.0544,1.696,0.0004,0.0001,1.7509,0,0
/usr/local/Face_Recognition_Files/Face_Recognition_Files/VisDrone2019-VID-train/sequences/uav0000308_01380_v/0000022.jpg,1904,1071,3.307,0.055,1.6763,0.3061,0.0001,2.0375,1,0
/usr/local/Face_Recognition_Files/Face_Recognition_Files/VisDrone2019-VID-train/sequences/uav0000308_01380_v/0000023.jpg,1904,1071,3.2946,0.057,1.6756,0.0005,0.0001,1.7332,0,0
/usr/local/Face_Recognition_Files/Face_Recognition_Files/VisDrone2019-VID-train/sequences/uav0000308_01380_v/0000024.jpg,1904,1071,3.3289,0.0539,1.7051,0.5877,0.0001,2.3469,2,0
/usr/local/Face_Recognition_Files/Face_Recognition_Files/VisDrone2019-VID-train/sequences/uav0000308_01380_v/0000025.jpg,1904,1071,3.4017,0.0544,1.7234,0.0004,0.0001,1.7784,0,0
/usr/local/Face_Recognition_Files/Face_Recognition_Files/VisDrone2019-VID-train/sequences/uav0000308_01380_v/0000026.jpg,1904,1071,3.2478,0.0539,1.7076,0.0005,0.0001,1.7622,0,0
/usr/local/Face_Recognition_Files/Face_Recognition_Files/VisDrone2019-VID-train/sequences/uav0000308_01380_v/0000027.jpg,1904,1071,3.1486,0.0566,1.6073,0.0004,0.0001,1.6645,0,0
/usr/local/Face_Recognition_Files/Face_Recognition_Files/VisDrone2019-VID-train/sequences/uav0000308_01380_v/0000028.jpg,1904,1071,3.2862,0.0553,1.6995,0.0004,0.0001,1.7554,0,0
/usr/local/Face_Recognition_Files/Face_Recognition_Files/VisDrone2019-VID-train/sequences/uav0000308_01380_v/0000029.jpg,1904,1071,3.3618,0.0554,1.7016,0.2918,0.0001,2.049,1,0
/usr/local/Face_Recognition_Files/Face_Recognition_Files/VisDrone2019-VID-train/sequences/uav0000308_01380_v/0000030.jpg,1904,1071,3.258,0.053,1.6184,0.5822,0.0001,2.2537,2,0
/usr/local/Face_Recognition_Files/Face_Recognition_Files/VisDrone2019-VID-train/sequences/uav0000308_01380_v/0000031.jpg,1904,1071,3.2841,0.0552,1.6486,0.2868,0.0001,1.9907,1,0
/usr/local/Face_Recognition_Files/Face_Recognition_Files/VisDrone2019-VID-train/sequences/uav0000308_01380_v/0000032.jpg,1904,1071,3.1662,0.0551,1.5999,0.2864,0.0001,1.9415,1,0
/usr/local/Face_Recognition_Files/Face_Recognition_Files/VisDrone2019-VID-train/sequences/uav0000308_01380_v/0000033.jpg,1904,1071,3.221,0.055,1.6961,0.0005,0.0001,1.7517,0,0
/usr/local/Face_Recognition_Files/Face_Recognition_Files/VisDrone2019-VID-train/sequences/uav0000308_01380_v/0000034.jpg,1904,1071,3.3038,0.0538,1.6701,0.0004,0.0001,1.7245,0,0
/usr/local/Face_Recognition_Files/Face_Recognition_Files/VisDrone2019-VID-train/sequences/uav0000308_01380_v/0000035.jpg,1904,1071,3.308,0.0541,1.7598,0.6104,0.0001,2.4244,2,0
/usr/local/Face_Recognition_Files/Face_Recognition_Files/VisDrone2019-VID-train/sequences/uav0000308_01380_v/0000036.jpg,1904,1071,3.1894,0.0527,1.678,0.0005,0.0001,1.7314,0,0
/usr/local/Face_Recognition_Files/Face_Recognition_Files/VisDrone2019-VID-train/sequences/uav0000308_01380_v/0000037.jpg,1904,1071,3.3231,0.0545,1.6456,0.0004,0.0001,1.7007,0,0
/usr/local/Face_Recognition_Files/Face_Recognition_Files/VisDrone2019-VID-train/sequences/uav0000308_01380_v/0000038.jpg,1904,1071,3.2757,0.0552,1.6807,0.5966,0.0001,2.3326,2,0
/usr/local/Face_Recognition_Files/Face_Recognition_Files/VisDrone2019-VID-train/sequences/uav0000308_01380_v/0000039.jpg,1904,1071,3.2562,0.0512,1.6517,0.0004,0.0001,1.7035,0,0
/usr/local/Face_Recognition_Files/Face_Recognition_Files/VisDrone2019-VID-train/sequences/uav0000308_01380_v/0000040.jpg,1904,1071,3.1922,0.055,1.6679,0.3046,0.0001,2.0277,1,0
/usr/local/Face_Recognition_Files/Face_Recognition_Files/VisDrone2019-VID-train/sequences/uav0000308_01380_v/0000041.jpg,1904,1071,3.3406,0.0551,1.6954,0.0005,0.0001,1.7512,0,0
/usr/local/Face_Recognition_Files/Face_Recognition_Files/VisDrone2019-VID-train/sequences/uav0000308_01380_v/0000042.jpg,1904,1071,3.2169,0.055,1.6641,0.0004,0.0001,1.7197,0,0
/usr/local/Face_Recognition_Files/Face_Recognition_Files/VisDrone2019-VID-train/sequences/uav0000308_01380_v/0000043.jpg,1904,1071,3.1818,0.0547,1.673,0.2879,0.0001,2.0157,1,0
/usr/local/Face_Recognition_Files/Face_Recognition_Files/VisDrone2019-VID-train/sequences/uav0000308_01380_v/0000044.jpg,1904,1071,3.2337,0.0564,1.6796,0.0004,0.0001,1.7366,0,0
/usr/local/Face_Recognition_Files/Face_Recognition_Files/VisDrone2019-VID-train/sequences/uav0000308_01380_v/0000045.jpg,1904,1071,3.2544,0.057,1.6585,0.0005,0.0001,1.7161,0,0
/usr/local/Face_Recognition_Files/Face_Recognition_Files/VisDrone2019-VID-train/sequences/uav0000308_01380_v/0000046.jpg,1904,1071,3.1615,0.0565,1.6322,0.0005,0.0001,1.6893,0,0
/usr/local/Face_Recognition_Files/Face_Recognition_Files/VisDrone2019-VID-train/sequences/uav0000308_01380_v/0000047.jpg,1904,1071,3.319,0.0544,1.6692,0.0005,0.0001,1.7242,0,0
/usr/local/Face_Recognition_Files/Face_Recognition_Files/VisDrone2019-VID-train/sequences/uav0000308_01380_v/0000048.jpg,1904,1071,3.2367,0.0528,1.6584,0.0004,0.0001,1.7118,0,0
/usr/local/Face_Recognition_Files/Face_Recognition_Files/VisDrone2019-VID-train/sequences/uav0000308_01380_v/0000049.jpg,1904,1071,3.2825,0.0545,1.6968,0.3002,0.0001,2.0516,1,0
/usr/local/Face_Recognition_Files/Face_Recognition_Files/VisDrone2019-VID-train/sequences/uav0000308_01380_v/0000050.jpg,1904,1071,3.3687,0.0546,1.7121,0.0004,0.0001,1.7672,0,0
