File_Name,img_width,img_height,library_loading_time,F1:pre-processing(s),F2:object_detection(s),F3:face_detection(s),F4:face_DB_storage(s),total processing time(s),people_detected,faces_detected
/usr/local/Face_Recognition_Files/Face_Recognition_Files/VisDrone2019-VID-train/sequences/uav0000329_04715_v/0000001.jpg,1904,1071,3.2409,0.0568,1.6453,2.09,0.0001,3.7922,7,0
/usr/local/Face_Recognition_Files/Face_Recognition_Files/VisDrone2019-VID-train/sequences/uav0000329_04715_v/0000002.jpg,1904,1071,3.264,0.0545,1.6532,1.9585,0.0001,3.6663,7,0
/usr/local/Face_Recognition_Files/Face_Recognition_Files/VisDrone2019-VID-train/sequences/uav0000329_04715_v/0000003.jpg,1904,1071,3.2422,0.0563,1.6111,2.0734,0.0001,3.741,7,0
/usr/local/Face_Recognition_Files/Face_Recognition_Files/VisDrone2019-VID-train/sequences/uav0000329_04715_v/0000004.jpg,1904,1071,3.3815,0.0561,1.6927,2.3925,0.0001,4.1415,8,0
/usr/local/Face_Recognition_Files/Face_Recognition_Files/VisDrone2019-VID-train/sequences/uav0000329_04715_v/0000005.jpg,1904,1071,3.2766,0.055,1.7294,3.0199,0.0001,4.8044,10,0
/usr/local/Face_Recognition_Files/Face_Recognition_Files/VisDrone2019-VID-train/sequences/uav0000329_04715_v/0000006.jpg,1904,1071,3.2774,0.0552,1.6685,2.6754,0.0001,4.3993,9,0
/usr/local/Face_Recognition_Files/Face_Recognition_Files/VisDrone2019-VID-train/sequences/uav0000329_04715_v/0000007.jpg,1904,1071,3.3508,0.055,1.6993,2.6703,0.0001,4.4248,9,0
/usr/local/Face_Recognition_Files/Face_Recognition_Files/VisDrone2019-VID-train/sequences/uav0000329_04715_v/0000008.jpg,1904,1071,3.3556,0.0558,1.69,2.695,0.0001,4.441,9,0
/usr/local/Face_Recognition_Files/Face_Recognition_Files/VisDrone2019-VID-train/sequences/uav0000329_04715_v/0000009.jpg,1904,1071,3.1869,0.0545,1.6496,2.9699,0.0001,4.6741,10,0
/usr/local/Face_Recognition_Files/Face_Recognition_Files/VisDrone2019-VID-train/sequences/uav0000329_04715_v/0000010.jpg,1904,1071,3.1737,0.0563,1.7543,2.6519,0.0001,4.4626,9,0
/usr/local/Face_Recognition_Files/Face_Recognition_Files/VisDrone2019-VID-train/sequences/uav0000329_04715_v/0000011.jpg,1904,1071,3.2041,0.0562,1.7102,3.1437,0.0001,4.9101,11,0
/usr/local/Face_Recognition_Files/Face_Recognition_Files/VisDrone2019-VID-train/sequences/uav0000329_04715_v/0000012.jpg,1904,1071,3.1088,0.0537,1.7166,2.9148,0.0001,4.6852,10,0
/usr/local/Face_Recognition_Files/Face_Recognition_Files/VisDrone2019-VID-train/sequences/uav0000329_04715_v/0000013.jpg,1904,1071,3.2013,0.0575,1.7,2.0713,0.0001,3.8289,7,0
/usr/local/Face_Recognition_Files/Face_Recognition_Files/VisDrone2019-VID-train/sequences/uav0000329_04715_v/0000014.jpg,1904,1071,3.1868,0.0555,1.6487,2.7569,0.0001,4.4612,9,0
/usr/local/Face_Recognition_Files/Face_Recognition_Files/VisDrone2019-VID-train/sequences/uav0000329_04715_v/0000015.jpg,1904,1071,3.296,0.0561,1.7018,2.7115,0.0001,4.4695,9,0
/usr/local/Face_Recognition_Files/Face_Recognition_Files/VisDrone2019-VID-train/sequences/uav0000329_04715_v/0000016.jpg,1904,1071,3.2033,0.0554,1.6604,2.3732,0.0001,4.0893,8,0
/usr/local/Face_Recognition_Files/Face_Recognition_Files/VisDrone2019-VID-train/sequences/uav0000329_04715_v/0000017.jpg,1904,1071,3.3407,0.0594,1.6883,1.7919,0.0001,3.5397,6,0
/usr/local/Face_Recognition_Files/Face_Recognition_Files/VisDrone2019-VID-train/sequences/uav0000329_04715_v/0000018.jpg,1904,1071,3.3854,0.0548,1.6732,2.1209,0.0001,3.8491,7,0
/usr/local/Face_Recognition_Files/Face_Recognition_Files/VisDrone2019-VID-train/sequences/uav0000329_04715_v/0000019.jpg,1904,1071,3.324,0.0565,1.6697,3.2992,0.0001,5.0256,11,0
/usr/local/Face_Recognition_Files/Face_Recognition_Files/VisDrone2019-VID-train/sequences/uav0000329_04715_v/0000020.jpg,1904,1071,3.2874,0.0529,1.6893,3.2827,0.0001,5.025,11,0
/usr/local/Face_Recognition_Files/Face_Recognition_Files/VisDrone2019-VID-train/sequences/uav0000329_04715_v/0000021.jpg,1904,1071,3.3124,0.0548,1.6578,3.5183,0.0001,5.231,12,0
/usr/local/Face_Recognition_Files/Face_Recognition_Files/VisDrone2019-VID-train/sequences/uav0000329_04715_v/0000022.jpg,1904,1071,3.1948,0.0553,1.6979,2.0724,0.0001,3.8257,7,0
/usr/local/Face_Recognition_Files/Face_Recognition_Files/VisDrone2019-VID-train/sequences/uav0000329_04715_v/0000023.jpg,1904,1071,3.354,0.0522,1.656,2.0778,0.0001,3.7862,7,0
/usr/local/Face_Recognition_Files/Face_Recognition_Files/VisDrone2019-VID-train/sequences/uav0000329_04715_v/0000024.jpg,1904,1071,3.3096,0.0575,1.6853,2.0842,0.0001,3.8272,7,0
/usr/local/Face_Recognition_Files/Face_Recognition_Files/VisDrone2019-VID-train/sequences/uav0000329_04715_v/0000025.jpg,1904,1071,3.5193,0.0547,1.6686,2.9988,0.0001,4.7222,10,0
/usr/local/Face_Recognition_Files/Face_Recognition_Files/VisDrone2019-VID-train/sequences/uav0000329_04715_v/0000026.jpg,1904,1071,3.4199,0.0534,1.6784,2.6875,0.0001,4.4194,9,0
/usr/local/Face_Recognition_Files/Face_Recognition_Files/VisDrone2019-VID-train/sequences/uav0000329_04715_v/0000027.jpg,1904,1071,3.2085,0.0545,1.6993,2.4086,0.0001,4.1626,8,0
/usr/local/Face_Recognition_Files/Face_Recognition_Files/VisDrone2019-VID-train/sequences/uav0000329_04715_v/0000028.jpg,1904,1071,3.2878,0.0561,1.6877,2.4413,0.0001,4.1852,8,0
/usr/local/Face_Recognition_Files/Face_Recognition_Files/VisDrone2019-VID-train/sequences/uav0000329_04715_v/0000029.jpg,1904,1071,3.3404,0.0567,1.7098,2.0888,0.0001,3.8554,7,0
/usr/local/Face_Recognition_Files/Face_Recognition_Files/VisDrone2019-VID-train/sequences/uav0000329_04715_v/0000030.jpg,1904,1071,3.2778,0.0555,1.6524,2.695,0.0001,4.4031,9,0
/usr/local/Face_Recognition_Files/Face_Recognition_Files/VisDrone2019-VID-train/sequences/uav0000329_04715_v/0000031.jpg,1904,1071,3.1905,0.0551,1.6869,3.0358,0.0001,4.7779,10,0
/usr/local/Face_Recognition_Files/Face_Recognition_Files/VisDrone2019-VID-train/sequences/uav0000329_04715_v/0000032.jpg,1904,1071,3.1723,0.0549,1.6581,2.7067,0.0001,4.4198,9,0
/usr/local/Face_Recognition_Files/Face_Recognition_Files/VisDrone2019-VID-train/sequences/uav0000329_04715_v/0000033.jpg,1904,1071,3.2828,0.0546,1.6665,2.4068,0.0001,4.1281,8,0
/usr/local/Face_Recognition_Files/Face_Recognition_Files/VisDrone2019-VID-train/sequences/uav0000329_04715_v/0000034.jpg,1904,1071,3.2653,0.0568,1.6705,2.0814,0.0001,3.8089,7,0
/usr/local/Face_Recognition_Files/Face_Recognition_Files/VisDrone2019-VID-train/sequences/uav0000329_04715_v/0000035.jpg,1904,1071,3.2791,0.0611,1.6869,2.1153,0.0001,3.8635,7,0
/usr/local/Face_Recognition_Files/Face_Recognition_Files/VisDrone2019-VID-train/sequences/uav0000329_04715_v/0000036.jpg,1904,1071,3.3378,0.0545,1.6813,1.5066,0.0001,3.2425,5,0
/usr/local/Face_Recognition_Files/Face_Recognition_Files/VisDrone2019-VID-train/sequences/uav0000329_04715_v/0000037.jpg,1904,1071,3.1609,0.0525,1.6278,1.5038,0.0001,3.1842,5,0
/usr/local/Face_Recognition_Files/Face_Recognition_Files/VisDrone2019-VID-train/sequences/uav0000329_04715_v/0000038.jpg,1904,1071,3.2815,0.0589,1.6992,1.7877,0.0001,3.546,6,0
/usr/local/Face_Recognition_Files/Face_Recognition_Files/VisDrone2019-VID-train/sequences/uav0000329_04715_v/0000039.jpg,1904,1071,3.2824,0.058,1.6741,1.772,0.0001,3.5042,6,0
/usr/local/Face_Recognition_Files/Face_Recognition_Files/VisDrone2019-VID-train/sequences/uav0000329_04715_v/0000040.jpg,1904,1071,3.1312,0.0551,1.6938,1.7736,0.0001,3.5227,6,0
/usr/local/Face_Recognition_Files/Face_Recognition_Files/VisDrone2019-VID-train/sequences/uav0000329_04715_v/0000041.jpg,1904,1071,3.1065,0.053,1.6573,1.4644,0.0001,3.1749,5,0
/usr/local/Face_Recognition_Files/Face_Recognition_Files/VisDrone2019-VID-train/sequences/uav0000329_04715_v/0000042.jpg,1904,1071,3.2557,0.0541,1.599,1.2236,0.0001,2.8769,4,0
/usr/local/Face_Recognition_Files/Face_Recognition_Files/VisDrone2019-VID-train/sequences/uav0000329_04715_v/0000043.jpg,1904,1071,3.2658,0.0519,1.6572,0.8647,0.0001,2.5739,3,0
/usr/local/Face_Recognition_Files/Face_Recognition_Files/VisDrone2019-VID-train/sequences/uav0000329_04715_v/0000044.jpg,1904,1071,3.3586,0.0556,1.67,1.4888,0.0001,3.2146,5,0
/usr/local/Face_Recognition_Files/Face_Recognition_Files/VisDrone2019-VID-train/sequences/uav0000329_04715_v/0000045.jpg,1904,1071,3.2883,0.056,1.6556,1.1711,0.0001,2.8828,4,0
/usr/local/Face_Recognition_Files/Face_Recognition_Files/VisDrone2019-VID-train/sequences/uav0000329_04715_v/0000046.jpg,1904,1071,3.2257,0.0527,1.6487,1.4576,0.0001,3.1591,5,0
/usr/local/Face_Recognition_Files/Face_Recognition_Files/VisDrone2019-VID-train/sequences/uav0000329_04715_v/0000047.jpg,1904,1071,3.2553,0.055,1.6941,1.1937,0.0001,2.943,4,0
/usr/local/Face_Recognition_Files/Face_Recognition_Files/VisDrone2019-VID-train/sequences/uav0000329_04715_v/0000048.jpg,1904,1071,3.3605,0.0551,1.702,0.8974,0.0001,2.6546,3,0
/usr/local/Face_Recognition_Files/Face_Recognition_Files/VisDrone2019-VID-train/sequences/uav0000329_04715_v/0000049.jpg,1904,1071,3.2878,0.055,1.6738,1.1875,0.0001,2.9165,4,0
/usr/local/Face_Recognition_Files/Face_Recognition_Files/VisDrone2019-VID-train/sequences/uav0000329_04715_v/0000050.jpg,1904,1071,3.1776,0.0558,1.7087,1.4947,0.0001,3.2594,5,0
