File_Name,img_width,img_height,library_loading_time,F1:pre-processing(s),F2:object_detection(s),F3:face_detection(s),F4:face_DB_storage(s),total processing time(s),people_detected,faces_detected
/usr/local/Face_Recognition_Files/Face_Recognition_Files/VisDrone2019-VID-train/sequences/uav0000352_05980_v/0000001.jpg,1904,1071,3.294,0.0588,1.6795,0.9197,0.0001,2.6583,3,0
/usr/local/Face_Recognition_Files/Face_Recognition_Files/VisDrone2019-VID-train/sequences/uav0000352_05980_v/0000002.jpg,1904,1071,3.5033,0.0611,1.6901,0.8884,0.0001,2.6398,3,0
/usr/local/Face_Recognition_Files/Face_Recognition_Files/VisDrone2019-VID-train/sequences/uav0000352_05980_v/0000003.jpg,1904,1071,3.1854,0.0599,1.6716,0.2951,0.0001,2.0268,1,0
/usr/local/Face_Recognition_Files/Face_Recognition_Files/VisDrone2019-VID-train/sequences/uav0000352_05980_v/0000004.jpg,1904,1071,3.2101,0.0579,1.6913,0.5694,0.0001,2.3187,2,0
/usr/local/Face_Recognition_Files/Face_Recognition_Files/VisDrone2019-VID-train/sequences/uav0000352_05980_v/0000005.jpg,1904,1071,3.1461,0.0606,1.6715,1.1321,0.0001,2.8644,4,0
/usr/local/Face_Recognition_Files/Face_Recognition_Files/VisDrone2019-VID-train/sequences/uav0000352_05980_v/0000006.jpg,1904,1071,3.312,0.0593,1.6372,0.8605,0.0001,2.5571,3,0
/usr/local/Face_Recognition_Files/Face_Recognition_Files/VisDrone2019-VID-train/sequences/uav0000352_05980_v/0000007.jpg,1904,1071,3.3282,0.0597,1.6354,0.5702,0.0001,2.2655,2,0
/usr/local/Face_Recognition_Files/Face_Recognition_Files/VisDrone2019-VID-train/sequences/uav0000352_05980_v/0000008.jpg,1904,1071,3.3445,0.063,1.6534,0.5466,0.0001,2.2632,2,0
/usr/local/Face_Recognition_Files/Face_Recognition_Files/VisDrone2019-VID-train/sequences/uav0000352_05980_v/0000009.jpg,1904,1071,3.216,0.0636,1.6713,1.511,0.0001,3.2459,5,0
/usr/local/Face_Recognition_Files/Face_Recognition_Files/VisDrone2019-VID-train/sequences/uav0000352_05980_v/0000010.jpg,1904,1071,3.187,0.0609,1.6976,1.7563,0.0001,3.5149,6,0
/usr/local/Face_Recognition_Files/Face_Recognition_Files/VisDrone2019-VID-train/sequences/uav0000352_05980_v/0000011.jpg,1904,1071,3.2686,0.0599,1.7031,1.7425,0.0001,3.5056,6,0
/usr/local/Face_Recognition_Files/Face_Recognition_Files/VisDrone2019-VID-train/sequences/uav0000352_05980_v/0000012.jpg,1904,1071,3.3344,0.0602,1.6861,1.7742,0.0001,3.5208,6,0
/usr/local/Face_Recognition_Files/Face_Recognition_Files/VisDrone2019-VID-train/sequences/uav0000352_05980_v/0000013.jpg,1904,1071,3.225,0.0612,1.6494,1.4539,0.0001,3.1646,5,0
/usr/local/Face_Recognition_Files/Face_Recognition_Files/VisDrone2019-VID-train/sequences/uav0000352_05980_v/0000014.jpg,1904,1071,3.3537,0.0622,1.71,1.1623,0.0001,2.9347,4,0
/usr/local/Face_Recognition_Files/Face_Recognition_Files/VisDrone2019-VID-train/sequences/uav0000352_05980_v/0000015.jpg,1904,1071,3.2574,0.0588,1.6669,1.7778,0.0001,3.5036,6,0
/usr/local/Face_Recognition_Files/Face_Recognition_Files/VisDrone2019-VID-train/sequences/uav0000352_05980_v/0000016.jpg,1904,1071,3.1926,0.0594,1.6723,1.4602,0.0001,3.1921,5,0
/usr/local/Face_Recognition_Files/Face_Recognition_Files/VisDrone2019-VID-train/sequences/uav0000352_05980_v/0000017.jpg,1904,1071,3.2172,0.057,1.6794,1.447,0.0001,3.1836,5,0
/usr/local/Face_Recognition_Files/Face_Recognition_Files/VisDrone2019-VID-train/sequences/uav0000352_05980_v/0000018.jpg,1904,1071,3.1714,0.0575,1.6603,1.1523,0.0001,2.8704,4,0
/usr/local/Face_Recognition_Files/Face_Recognition_Files/VisDrone2019-VID-train/sequences/uav0000352_05980_v/0000019.jpg,1904,1071,3.2778,0.062,1.6905,0.5506,0.0001,2.3033,2,0
/usr/local/Face_Recognition_Files/Face_Recognition_Files/VisDrone2019-VID-train/sequences/uav0000352_05980_v/0000020.jpg,1904,1071,3.2007,0.0588,1.6609,0.8611,0.0001,2.5809,3,0
/usr/local/Face_Recognition_Files/Face_Recognition_Files/VisDrone2019-VID-train/sequences/uav0000352_05980_v/0000021.jpg,1904,1071,3.1438,0.062,1.6938,1.4628,0.0001,3.2187,5,0
/usr/local/Face_Recognition_Files/Face_Recognition_Files/VisDrone2019-VID-train/sequences/uav0000352_05980_v/0000022.jpg,1904,1071,3.2663,0.0599,1.6915,1.7546,0.0001,3.5062,6,0
/usr/local/Face_Recognition_Files/Face_Recognition_Files/VisDrone2019-VID-train/sequences/uav0000352_05980_v/0000023.jpg,1904,1071,3.2705,0.0614,1.7184,1.7548,0.0001,3.5347,6,0
/usr/local/Face_Recognition_Files/Face_Recognition_Files/VisDrone2019-VID-train/sequences/uav0000352_05980_v/0000024.jpg,1904,1071,3.3449,0.0591,1.6613,2.7049,0.0002,4.4256,6,1
/usr/local/Face_Recognition_Files/Face_Recognition_Files/VisDrone2019-VID-train/sequences/uav0000352_05980_v/0000025.jpg,1904,1071,3.2465,0.0595,1.7091,1.4631,0.0001,3.2318,5,0
/usr/local/Face_Recognition_Files/Face_Recognition_Files/VisDrone2019-VID-train/sequences/uav0000352_05980_v/0000026.jpg,1904,1071,3.4324,0.062,1.7475,1.4622,0.0001,3.2718,5,0
/usr/local/Face_Recognition_Files/Face_Recognition_Files/VisDrone2019-VID-train/sequences/uav0000352_05980_v/0000027.jpg,1904,1071,3.3295,0.0632,1.6601,1.168,0.0001,2.8914,4,0
/usr/local/Face_Recognition_Files/Face_Recognition_Files/VisDrone2019-VID-train/sequences/uav0000352_05980_v/0000028.jpg,1904,1071,3.1444,0.0591,1.6681,2.7897,0.0002,4.5172,6,1
/usr/local/Face_Recognition_Files/Face_Recognition_Files/VisDrone2019-VID-train/sequences/uav0000352_05980_v/0000029.jpg,1904,1071,3.0833,0.0592,1.6205,1.1464,0.0001,2.8262,4,0
/usr/local/Face_Recognition_Files/Face_Recognition_Files/VisDrone2019-VID-train/sequences/uav0000352_05980_v/0000030.jpg,1904,1071,3.1454,0.0572,1.6584,0.8873,0.0001,2.603,3,0
/usr/local/Face_Recognition_Files/Face_Recognition_Files/VisDrone2019-VID-train/sequences/uav0000352_05980_v/0000031.jpg,1904,1071,3.2686,0.0592,1.6414,0.8825,0.0001,2.5832,3,0
/usr/local/Face_Recognition_Files/Face_Recognition_Files/VisDrone2019-VID-train/sequences/uav0000352_05980_v/0000032.jpg,1904,1071,3.4139,0.0594,1.6994,0.8829,0.0001,2.642,3,0
/usr/local/Face_Recognition_Files/Face_Recognition_Files/VisDrone2019-VID-train/sequences/uav0000352_05980_v/0000033.jpg,1904,1071,3.2912,0.0596,1.7084,1.1934,0.0001,2.9615,4,0
/usr/local/Face_Recognition_Files/Face_Recognition_Files/VisDrone2019-VID-train/sequences/uav0000352_05980_v/0000034.jpg,1904,1071,3.2401,0.0591,1.6717,1.1868,0.0001,2.9177,4,0
/usr/local/Face_Recognition_Files/Face_Recognition_Files/VisDrone2019-VID-train/sequences/uav0000352_05980_v/0000035.jpg,1904,1071,3.2991,0.0595,1.6621,2.5265,0.0002,4.2485,5,1
/usr/local/Face_Recognition_Files/Face_Recognition_Files/VisDrone2019-VID-train/sequences/uav0000352_05980_v/0000036.jpg,1904,1071,3.2633,0.0581,1.633,1.7236,0.0001,3.4149,6,0
/usr/local/Face_Recognition_Files/Face_Recognition_Files/VisDrone2019-VID-train/sequences/uav0000352_05980_v/0000037.jpg,1904,1071,3.1604,0.0592,1.7036,1.1796,0.0001,2.9425,4,0
/usr/local/Face_Recognition_Files/Face_Recognition_Files/VisDrone2019-VID-train/sequences/uav0000352_05980_v/0000038.jpg,1904,1071,3.1667,0.0565,1.6137,1.4551,0.0001,3.1254,5,0
/usr/local/Face_Recognition_Files/Face_Recognition_Files/VisDrone2019-VID-train/sequences/uav0000352_05980_v/0000039.jpg,1904,1071,3.279,0.0603,1.6885,1.5712,0.0001,3.3203,5,0
/usr/local/Face_Recognition_Files/Face_Recognition_Files/VisDrone2019-VID-train/sequences/uav0000352_05980_v/0000040.jpg,1904,1071,3.244,0.0623,1.6859,2.7574,0.0001,4.5058,6,0
/usr/local/Face_Recognition_Files/Face_Recognition_Files/VisDrone2019-VID-train/sequences/uav0000352_05980_v/0000041.jpg,1904,1071,3.2453,0.0604,1.698,1.1585,0.0001,2.917,4,0
/usr/local/Face_Recognition_Files/Face_Recognition_Files/VisDrone2019-VID-train/sequences/uav0000352_05980_v/0000042.jpg,1904,1071,3.3102,0.06,1.7211,2.13,0.0001,3.9112,7,0
/usr/local/Face_Recognition_Files/Face_Recognition_Files/VisDrone2019-VID-train/sequences/uav0000352_05980_v/0000043.jpg,1904,1071,3.4553,0.0646,1.6889,3.3753,0.0001,5.1291,8,0
/usr/local/Face_Recognition_Files/Face_Recognition_Files/VisDrone2019-VID-train/sequences/uav0000352_05980_v/0000044.jpg,1904,1071,3.1514,0.0601,1.6137,1.6957,0.0001,3.3696,6,0
/usr/local/Face_Recognition_Files/Face_Recognition_Files/VisDrone2019-VID-train/sequences/uav0000352_05980_v/0000045.jpg,1904,1071,3.194,0.0598,1.6845,3.2927,0.0002,5.0373,7,1
/usr/local/Face_Recognition_Files/Face_Recognition_Files/VisDrone2019-VID-train/sequences/uav0000352_05980_v/0000046.jpg,1904,1071,3.2382,0.059,1.6533,3.8064,0.0003,5.5191,9,1
/usr/local/Face_Recognition_Files/Face_Recognition_Files/VisDrone2019-VID-train/sequences/uav0000352_05980_v/0000047.jpg,1904,1071,3.3409,0.0591,1.6354,3.2013,0.0002,4.896,7,1
/usr/local/Face_Recognition_Files/Face_Recognition_Files/VisDrone2019-VID-train/sequences/uav0000352_05980_v/0000048.jpg,1904,1071,3.2756,0.0573,1.6892,1.7229,0.0001,3.4695,6,0
/usr/local/Face_Recognition_Files/Face_Recognition_Files/VisDrone2019-VID-train/sequences/uav0000352_05980_v/0000049.jpg,1904,1071,3.2999,0.0608,1.7533,1.5509,0.0001,3.3651,5,0
/usr/local/Face_Recognition_Files/Face_Recognition_Files/VisDrone2019-VID-train/sequences/uav0000352_05980_v/0000050.jpg,1904,1071,3.2621,0.0646,1.6882,1.4635,0.0001,3.2164,5,0
