File_Name,img_width,img_height,library_loading_time,F1:pre-processing(s),F2:object_detection(s),F3:face_detection(s),F4:face_DB_storage(s),total processing time(s),people_detected,faces_detected
/usr/local/Face_Recognition_Files/VisDrone2019-VID-train/sequences/uav0000079_00480_v/0000001.jpg,1904,1071,3.2921,0.0697,1.6677,0.0004,0.1075,1.8454,0,0
/usr/local/Face_Recognition_Files/VisDrone2019-VID-train/sequences/uav0000079_00480_v/0000002.jpg,1904,1071,3.2252,0.063,1.6471,0.0004,0.1087,1.8192,0,0
/usr/local/Face_Recognition_Files/VisDrone2019-VID-train/sequences/uav0000079_00480_v/0000003.jpg,1904,1071,3.3034,0.0604,1.7093,0.0004,0.111,1.8812,0,0
/usr/local/Face_Recognition_Files/VisDrone2019-VID-train/sequences/uav0000079_00480_v/0000004.jpg,1904,1071,3.3074,0.0654,1.6517,0.0005,0.114,1.8317,0,0
/usr/local/Face_Recognition_Files/VisDrone2019-VID-train/sequences/uav0000079_00480_v/0000005.jpg,1904,1071,3.2197,0.0606,1.7181,0.0004,0.1117,1.8909,0,0
/usr/local/Face_Recognition_Files/VisDrone2019-VID-train/sequences/uav0000079_00480_v/0000006.jpg,1904,1071,3.3395,0.0612,1.6776,0.0004,0.1131,1.8524,0,0
/usr/local/Face_Recognition_Files/VisDrone2019-VID-train/sequences/uav0000079_00480_v/0000007.jpg,1904,1071,3.2432,0.0661,1.6975,0.0004,0.1099,1.8741,0,0
/usr/local/Face_Recognition_Files/VisDrone2019-VID-train/sequences/uav0000079_00480_v/0000008.jpg,1904,1071,3.1978,0.0624,1.6551,2.1397,0.1084,3.9657,1,1
/usr/local/Face_Recognition_Files/VisDrone2019-VID-train/sequences/uav0000079_00480_v/0000009.jpg,1904,1071,3.3853,0.0605,1.7918,0.0004,0.1088,1.9616,0,0
/usr/local/Face_Recognition_Files/VisDrone2019-VID-train/sequences/uav0000079_00480_v/0000010.jpg,1904,1071,3.3175,0.0598,1.6958,0.0004,0.1173,1.8733,0,0
/usr/local/Face_Recognition_Files/VisDrone2019-VID-train/sequences/uav0000079_00480_v/0000011.jpg,1904,1071,3.2428,0.0611,1.6991,1.6655,0.113,3.5388,1,1
/usr/local/Face_Recognition_Files/VisDrone2019-VID-train/sequences/uav0000079_00480_v/0000012.jpg,1904,1071,3.3305,0.0598,1.6424,2.2491,0.1083,4.0597,2,0
/usr/local/Face_Recognition_Files/VisDrone2019-VID-train/sequences/uav0000079_00480_v/0000013.jpg,1904,1071,3.3384,0.0595,1.6235,1.8524,0.1112,3.6466,1,1
/usr/local/Face_Recognition_Files/VisDrone2019-VID-train/sequences/uav0000079_00480_v/0000014.jpg,1904,1071,3.1813,0.0599,1.6979,2.1488,0.1139,4.0206,1,1
/usr/local/Face_Recognition_Files/VisDrone2019-VID-train/sequences/uav0000079_00480_v/0000015.jpg,1904,1071,3.276,0.0614,1.7479,2.5331,0.1124,4.4549,3,1
/usr/local/Face_Recognition_Files/VisDrone2019-VID-train/sequences/uav0000079_00480_v/0000016.jpg,1904,1071,3.3004,0.0624,1.6507,0.0004,0.1122,1.8258,0,0
/usr/local/Face_Recognition_Files/VisDrone2019-VID-train/sequences/uav0000079_00480_v/0000017.jpg,1904,1071,3.2509,0.0621,1.6717,0.276,0.1085,2.1184,1,0
/usr/local/Face_Recognition_Files/VisDrone2019-VID-train/sequences/uav0000079_00480_v/0000018.jpg,1904,1071,3.2811,0.0725,1.7839,0.0004,0.1161,1.9731,0,0
/usr/local/Face_Recognition_Files/VisDrone2019-VID-train/sequences/uav0000079_00480_v/0000019.jpg,1904,1071,3.2664,0.0599,1.6509,0.0004,0.1116,1.8229,0,0
/usr/local/Face_Recognition_Files/VisDrone2019-VID-train/sequences/uav0000079_00480_v/0000020.jpg,1904,1071,3.2634,0.0686,1.6462,0.0004,0.1197,1.835,0,0
/usr/local/Face_Recognition_Files/VisDrone2019-VID-train/sequences/uav0000079_00480_v/0000021.jpg,1904,1071,3.1456,0.0602,1.6697,0.0005,0.1134,1.8438,0,0
/usr/local/Face_Recognition_Files/VisDrone2019-VID-train/sequences/uav0000079_00480_v/0000022.jpg,1904,1071,3.2894,0.0609,1.6435,0.273,0.1078,2.0852,1,0
/usr/local/Face_Recognition_Files/VisDrone2019-VID-train/sequences/uav0000079_00480_v/0000023.jpg,1904,1071,3.1624,0.0595,1.628,0.0004,0.1085,1.7965,0,0
/usr/local/Face_Recognition_Files/VisDrone2019-VID-train/sequences/uav0000079_00480_v/0000024.jpg,1904,1071,3.09,0.0609,1.6255,0.0004,0.1094,1.7963,0,0
/usr/local/Face_Recognition_Files/VisDrone2019-VID-train/sequences/uav0000079_00480_v/0000025.jpg,1904,1071,3.2485,0.0648,1.7583,0.0004,0.1099,1.9335,0,0
/usr/local/Face_Recognition_Files/VisDrone2019-VID-train/sequences/uav0000079_00480_v/0000026.jpg,1904,1071,3.2074,0.0641,1.6236,0.0004,0.1076,1.7958,0,0
/usr/local/Face_Recognition_Files/VisDrone2019-VID-train/sequences/uav0000079_00480_v/0000027.jpg,1904,1071,3.0913,0.0606,1.6125,0.0005,0.1081,1.7818,0,0
/usr/local/Face_Recognition_Files/VisDrone2019-VID-train/sequences/uav0000079_00480_v/0000028.jpg,1904,1071,3.1716,0.0662,1.6431,0.0004,0.1092,1.8189,0,0
/usr/local/Face_Recognition_Files/VisDrone2019-VID-train/sequences/uav0000079_00480_v/0000029.jpg,1904,1071,3.2066,0.0638,1.6676,0.0004,0.1076,1.8395,0,0
/usr/local/Face_Recognition_Files/VisDrone2019-VID-train/sequences/uav0000079_00480_v/0000030.jpg,1904,1071,3.1164,0.0602,1.6272,0.0004,0.1079,1.7959,0,0
/usr/local/Face_Recognition_Files/VisDrone2019-VID-train/sequences/uav0000079_00480_v/0000031.jpg,1904,1071,3.2802,0.0624,1.6855,0.0005,0.1148,1.8633,0,0
/usr/local/Face_Recognition_Files/VisDrone2019-VID-train/sequences/uav0000079_00480_v/0000032.jpg,1904,1071,3.2146,0.0637,1.6597,0.2739,0.1129,2.1103,1,0
/usr/local/Face_Recognition_Files/VisDrone2019-VID-train/sequences/uav0000079_00480_v/0000033.jpg,1904,1071,3.2232,0.0619,1.6973,0.2763,0.1106,2.1462,1,0
/usr/local/Face_Recognition_Files/VisDrone2019-VID-train/sequences/uav0000079_00480_v/0000034.jpg,1904,1071,3.4809,0.0624,1.7965,0.2897,0.1169,2.2655,1,0
/usr/local/Face_Recognition_Files/VisDrone2019-VID-train/sequences/uav0000079_00480_v/0000035.jpg,1904,1071,3.3101,0.0647,1.6923,0.0004,0.1131,1.8706,0,0
/usr/local/Face_Recognition_Files/VisDrone2019-VID-train/sequences/uav0000079_00480_v/0000036.jpg,1904,1071,3.2917,0.0625,1.7219,0.0004,0.1134,1.8983,0,0
/usr/local/Face_Recognition_Files/VisDrone2019-VID-train/sequences/uav0000079_00480_v/0000037.jpg,1904,1071,3.1952,0.0604,1.6535,0.2702,0.12,2.1042,1,0
/usr/local/Face_Recognition_Files/VisDrone2019-VID-train/sequences/uav0000079_00480_v/0000038.jpg,1904,1071,3.334,0.0609,1.6682,0.0004,0.11,1.8396,0,0
/usr/local/Face_Recognition_Files/VisDrone2019-VID-train/sequences/uav0000079_00480_v/0000039.jpg,1904,1071,3.2337,0.0623,1.6841,0.5663,0.1203,2.4331,2,0
/usr/local/Face_Recognition_Files/VisDrone2019-VID-train/sequences/uav0000079_00480_v/0000040.jpg,1904,1071,3.2381,0.06,1.6949,0.5452,0.109,2.4093,2,0
/usr/local/Face_Recognition_Files/VisDrone2019-VID-train/sequences/uav0000079_00480_v/0000041.jpg,1904,1071,3.2613,0.0598,1.6014,0.8318,0.1117,2.6047,3,0
/usr/local/Face_Recognition_Files/VisDrone2019-VID-train/sequences/uav0000079_00480_v/0000042.jpg,1904,1071,3.3209,0.0642,1.7412,0.5518,0.1126,2.4699,2,0
/usr/local/Face_Recognition_Files/VisDrone2019-VID-train/sequences/uav0000079_00480_v/0000043.jpg,1904,1071,3.2812,0.0602,1.6437,0.0005,0.1152,1.8196,0,0
/usr/local/Face_Recognition_Files/VisDrone2019-VID-train/sequences/uav0000079_00480_v/0000044.jpg,1904,1071,3.4006,0.0598,1.6826,2.2486,0.1099,4.1009,2,1
/usr/local/Face_Recognition_Files/VisDrone2019-VID-train/sequences/uav0000079_00480_v/0000045.jpg,1904,1071,3.1952,0.0604,1.6581,0.0004,0.1088,1.8278,0,0
/usr/local/Face_Recognition_Files/VisDrone2019-VID-train/sequences/uav0000079_00480_v/0000046.jpg,1904,1071,3.3035,0.0601,1.6363,0.2885,0.1153,2.1002,1,0
/usr/local/Face_Recognition_Files/VisDrone2019-VID-train/sequences/uav0000079_00480_v/0000047.jpg,1904,1071,3.2662,0.0597,1.6801,0.0004,0.1211,1.8614,0,0
/usr/local/Face_Recognition_Files/VisDrone2019-VID-train/sequences/uav0000079_00480_v/0000048.jpg,1904,1071,3.2912,0.0598,1.64,0.0004,0.1084,1.8086,0,0
/usr/local/Face_Recognition_Files/VisDrone2019-VID-train/sequences/uav0000079_00480_v/0000049.jpg,1904,1071,3.2102,0.0641,1.6552,0.0004,0.1146,1.8343,0,0
/usr/local/Face_Recognition_Files/VisDrone2019-VID-train/sequences/uav0000079_00480_v/0000050.jpg,1904,1071,3.2361,0.0668,1.6626,0.0004,0.1211,1.851,0,0